Team,YEAR,AVG,G,AB,R,H,DOUBLES,TRIPLES,HR,RBI,TB,SLGperc,BB,HBP,SO,GDP,Obperc,SF,SH,SBB,ATT,SBB-ATTperc,ERA,W,CG,SHO,CBO,SV,IP,Hallowed,Rallowed,ER,BBAllowed,SOfor,DOUBLESAllowed,TRIPLESAllowed,HRAllowed,Abagainst,AVGagainst,WP,HBPpitching,BK,SFA,SHA,C,PO,A,E,FLDperc,DPs,SBA,CSB,SBAperc,PB,CI
CSM,2004,0.28,53,1592,281,446,90,6,37,248,659,0.414,101,50,353,23,0.339,19,10,31,45,0.689,11.35,9,15,1,0,2,368.2,690,580,465,194,225,154,25,75,1717,0.402,57,69,5,27,31,1772,1106,552,114,0.936,45,80,23,0.777,23,2
CSUP,2004,0.372,55,1840,524,684,126,23,61,470,1039,0.565,201,49,280,28,0.439,36,29,110,129,0.853,3.9,43,20,11,3,5,427.1,427,237,185,143,426,87,9,29,1671,0.256,53,43,5,12,19,1889,1282,514,93,0.951,42,36,9,0.8,14,0
FHSU,2004,0.331,48,1464,388,484,105,10,68,342,813,0.555,170,37,240,21,0.41,15,14,80,103,0.777,6.81,32,8,2,2,7,356.2,489,319,270,117,243,100,11,44,1520,0.322,33,44,4,15,16,1602,1067,464,71,0.956,30,46,12,0.793,11,1
CMU,2004,0.374,63,2230,659,835,190,25,101,596,1378,0.618,236,63,362,41,0.443,28,29,85,101,0.842,5.12,44,12,1,0,6,504.2,574,366,287,185,441,90,12,62,2018,0.284,38,58,11,15,21,2191,1514,599,78,0.964,52,46,17,0.73,19,1
MSUD,2004,0.339,50,1565,352,530,103,12,47,311,798,0.51,128,39,242,30,0.398,21,31,47,65,0.723,7.22,24,12,3,1,3,376.1,529,349,302,118,290,100,10,48,1586,0.334,20,45,7,15,30,1664,1129,472,63,0.962,31,45,27,0.625,20,0
UNK,2004,0.288,55,1641,294,473,96,12,39,268,710,0.433,132,53,339,18,0.358,12,27,21,25,0.84,7.22,19,13,1,0,2,392.2,546,398,315,173,257,89,10,71,1669,0.327,27,38,13,16,31,1750,1178,483,89,0.949,34,69,15,0.821,27,0
NMHU,2004,0.323,56,1713,421,554,119,19,38,375,825,0.482,203,90,293,10,0.418,22,26,110,136,0.809,5.46,30,12,1,0,8,421.2,562,342,256,124,286,93,14,59,1742,0.323,36,28,9,23,30,1951,1265,586,100,0.949,50,49,20,0.71,15,0
Regis,2004,0.373,50,1782,471,664,134,29,67,428,1057,0.593,171,38,285,32,0.434,21,28,38,46,0.826,5.37,32,12,2,0,6,393.2,486,299,235,146,341,87,9,40,1584,0.307,54,40,16,13,22,1780,1181,518,81,0.954,52,59,21,0.738,19,2
CSM,2005,0.286,54,1662,285,476,105,13,25,252,682,0.41,125,54,285,30,0.352,18,10,40,53,0.755,9.2,12,16,1,0,2,401,730,521,410,171,201,149,14,63,1871,0.39,46,45,12,33,24,1852,1203,528,121,0.935,41,80,9,0.899,10,0
CSUP,2005,0.327,59,2004,445,656,131,15,48,405,961,0.48,192,35,362,22,0.392,21,30,87,111,0.784,5.55,31,25,3,0,3,480,564,376,296,200,326,107,10,39,1935,0.291,44,71,5,27,22,2202,1440,644,118,0.946,63,31,22,0.585,19,1
FHSU,2005,0.332,52,1649,385,547,121,16,51,339,853,0.517,200,48,276,35,0.414,21,10,83,110,0.755,4.93,30,9,2,1,8,396,482,291,217,159,241,81,5,57,1600,0.301,35,46,2,14,28,1818,1188,549,81,0.955,55,39,17,0.696,7,0
CMU,2005,0.361,62,2158,571,778,141,18,88,524,1219,0.565,202,65,315,18,0.427,22,55,62,79,0.785,5.23,46,15,5,1,12,506.1,546,337,294,189,390,85,5,65,1973,0.277,23,62,10,11,28,2196,1519,607,70,0.968,67,48,18,0.727,10,2
MSUD,2005,0.3,53,1648,329,495,85,21,28,290,706,0.428,162,55,317,19,0.377,25,42,79,98,0.806,5.62,28,13,2,1,4,416,504,321,260,169,264,82,5,47,1670,0.302,41,49,15,15,37,1886,1248,563,75,0.96,50,30,13,0.698,11,0
UNK,2005,0.308,53,1665,315,512,82,4,35,286,707,0.425,170,63,257,30,0.389,19,27,22,28,0.786,7.36,20,6,1,1,5,394,576,411,322,167,236,106,9,36,1723,0.334,29,51,8,25,27,1768,1182,468,118,0.933,39,103,10,0.912,18,2
NMHU,2005,0.359,56,1882,511,676,139,17,62,465,1035,0.55,216,90,217,23,0.443,29,19,75,97,0.773,6.4,38,13,1,1,12,443,599,374,315,159,288,126,10,53,1838,0.326,20,54,18,20,23,2000,1329,592,79,0.961,46,39,18,0.684,21,0
Regis,2005,0.309,51,1609,274,497,86,15,29,233,700,0.435,171,37,292,37,0.384,20,31,30,40,0.75,5.52,24,2,1,0,9,396,462,309,243,206,344,81,14,22,1568,0.295,66,48,5,27,28,1812,1188,533,91,0.95,37,79,21,0.79,10,1
CCU,2006,0.256,51,1533,171,392,66,4,9,156,493,0.322,123,30,309,18,0.321,10,10,32,44,0.727,11.58,6,8,0,0,0,375.1,712,587,483,250,138,150,28,54,1761,0.404,40,66,14,43,13,1722,1124,489,109,0.937,24,86,33,0.723,22,0
CSM,2006,0.287,52,1605,267,460,87,18,16,237,631,0.393,155,38,229,36,0.36,17,17,54,77,0.701,7.69,17,17,0,0,4,400.1,605,436,342,173,221,137,16,41,1743,0.347,60,57,6,31,25,1818,1201,506,111,0.939,40,87,16,0.845,9,1
CSUP,2006,0.342,59,1982,520,677,149,17,45,462,995,0.502,207,72,336,22,0.417,32,28,97,125,0.776,5.8,35,15,3,1,6,464.1,599,389,299,189,313,115,15,32,1921,0.312,45,76,11,22,26,2082,1393,598,91,0.956,53,41,21,0.661,22,3
FHSU,2006,0.332,63,2006,470,666,128,18,39,420,947,0.472,220,62,323,39,0.411,18,24,104,138,0.754,3.65,46,8,9,6,12,491.1,511,233,199,142,359,98,4,43,1911,0.267,29,43,4,12,35,2193,1474,641,78,0.964,52,36,18,0.667,9,0
CMU,2006,0.346,58,1985,534,686,149,20,53,481,1034,0.521,214,47,304,21,0.414,40,37,90,104,0.865,4.93,39,3,2,1,7,472.2,521,321,259,177,411,85,9,35,1861,0.28,22,63,6,20,23,2099,1418,594,87,0.959,47,37,20,0.649,10,0
MSUD,2006,0.292,51,1623,307,474,84,12,43,270,711,0.438,139,54,288,17,0.363,19,29,74,96,0.771,5.12,26,19,5,0,4,404.1,480,284,230,124,259,98,8,30,1641,0.293,32,43,8,20,31,1827,1213,514,100,0.945,30,40,18,0.69,13,0
UNK,2006,0.333,55,1762,378,587,116,8,32,345,815,0.463,194,64,232,27,0.413,28,42,18,32,0.563,5.94,28,12,3,2,8,416.2,578,379,275,146,329,120,19,26,1791,0.323,35,65,9,11,36,1887,1250,528,109,0.942,35,55,24,0.696,14,1
NMHU,2006,0.349,58,1934,491,675,151,17,56,431,1028,0.532,199,90,314,23,0.43,21,22,48,70,0.686,6.92,30,9,0,0,5,439.2,616,429,338,198,271,135,14,30,1875,0.329,51,52,8,21,35,1993,1319,564,110,0.945,41,66,12,0.846,25,0
Regis,2006,0.327,56,1833,405,600,126,17,31,369,853,0.465,172,47,266,20,0.391,41,19,75,93,0.806,5.73,30,12,3,1,9,442.2,571,341,282,181,363,91,6,24,1816,0.314,74,42,7,36,27,2018,1328,592,98,0.951,31,63,27,0.7,9,1
CCU,2007,0.269,53,1627,228,438,82,2,23,204,593,0.364,122,33,329,24,0.33,15,15,40,52,0.769,8.65,11,6,2,1,3,390,650,488,375,202,231,127,24,58,1754,0.371,47,56,14,35,22,1782,1170,494,118,0.934,37,84,21,0.8,17,2
CSM,2007,0.307,52,1695,325,521,114,14,28,294,747,0.441,169,27,338,14,0.374,27,39,50,64,0.781,8.8,14,7,1,0,2,407,635,495,398,227,257,121,17,53,1808,0.351,73,72,9,36,29,1788,1221,448,119,0.933,34,86,8,0.915,13,0
CSUP,2007,0.359,53,1775,475,637,125,18,43,432,927,0.522,208,65,293,32,0.438,29,32,51,67,0.761,6.74,36,6,0,0,8,419.1,584,376,314,219,312,110,6,35,1755,0.333,77,40,10,19,29,1879,1258,544,77,0.959,40,28,17,0.622,14,1
CMU,2007,0.332,63,2079,506,690,118,15,79,465,1075,0.517,241,64,382,17,0.412,33,59,78,95,0.821,4.22,49,8,7,3,16,516.2,566,292,242,191,464,82,6,36,2020,0.28,39,78,2,19,37,2228,1550,591,87,0.961,57,40,20,0.667,11,0
MSUD,2007,0.289,52,1752,342,507,87,14,31,293,715,0.408,273,53,407,32,0.396,25,12,77,92,0.837,7.51,17,6,0,0,1,418,559,431,349,252,339,123,6,48,1749,0.32,53,80,8,26,28,1869,1254,512,103,0.945,38,62,19,0.765,10,1
NMHU,2007,0.379,59,2052,573,777,161,13,85,531,1219,0.594,229,111,317,31,0.461,32,23,65,92,0.707,6.76,38,7,2,0,7,471,685,417,354,146,379,136,9,47,2029,0.338,41,52,13,17,29,2067,1413,564,90,0.956,49,45,15,0.75,8,2
UNK,2007,0.339,57,1911,447,647,106,17,49,408,934,0.489,189,92,288,38,0.418,30,38,20,33,0.606,6.24,33,15,2,1,8,456,611,391,316,190,310,125,16,39,1908,0.32,39,40,2,33,32,2022,1368,560,94,0.954,36,41,22,0.651,13,0
Regis,2007,0.326,55,1814,351,592,123,8,34,302,833,0.459,169,29,251,32,0.388,26,34,51,65,0.785,7.57,23,4,1,1,12,431.2,599,428,363,181,336,113,21,55,1803,0.332,68,58,16,28,36,1894,1295,515,84,0.956,52,62,11,0.849,9,1
CCU,2008,0.295,60,1872,348,552,105,5,32,328,763,0.408,224,60,360,32,0.383,25,27,44,59,0.746,8.73,16,17,2,0,3,449.1,709,576,436,242,257,158,26,62,2000,0.355,61,80,8,37,25,2044,1348,572,124,0.939,34,95,22,0.812,34,0
CSM,2008,0.323,54,1780,384,575,133,8,29,337,811,0.456,189,42,322,21,0.395,29,15,47,64,0.734,9.62,20,5,0,0,8,419.1,699,535,448,240,283,152,15,61,1862,0.375,55,42,8,40,29,1865,1258,513,94,0.95,42,91,12,0.883,13,0
CSUP,2008,0.345,56,1857,422,641,117,18,38,380,908,0.489,217,53,263,32,0.424,22,27,67,89,0.753,7.54,25,8,0,0,5,437,611,435,366,276,330,121,18,43,1839,0.332,68,47,11,23,16,1935,1311,551,73,0.962,53,38,19,0.667,5,0
CMU,2008,0.371,59,2069,617,768,166,18,90,559,1240,0.599,253,90,287,38,0.456,24,42,65,77,0.844,5.88,41,6,2,1,12,470,556,347,307,215,372,106,9,38,1875,0.297,52,70,1,24,24,2066,1410,582,74,0.964,62,39,14,0.736,11,0
MSUD,2008,0.328,57,1850,528,606,138,27,62,482,984,0.532,323,78,413,25,0.44,37,8,122,143,0.853,7.49,38,6,1,0,7,446,589,409,371,238,382,123,9,49,1841,0.32,52,84,7,20,20,1988,1338,572,78,0.961,48,61,9,0.871,18,1
NMHU,2008,0.362,61,2050,529,742,151,15,41,487,1046,0.51,230,76,261,49,0.438,37,44,55,78,0.705,7.69,31,4,1,0,9,481,715,465,411,209,282,131,14,48,2050,0.349,64,63,7,33,38,2168,1443,630,95,0.956,49,53,19,0.736,15,0
UNK,2008,0.341,61,2057,515,701,139,10,52,478,1016,0.494,243,124,314,52,0.435,34,39,33,43,0.767,6.92,34,8,0,0,4,488.2,688,475,376,186,320,123,10,53,2095,0.328,60,51,6,33,27,2191,1466,616,109,0.95,49,40,16,0.714,17,0
Regis,2008,0.374,49,1721,469,643,122,11,49,414,934,0.543,201,32,212,41,0.441,32,22,47,58,0.81,8.18,27,9,2,0,4,383,544,418,348,229,277,99,11,45,1622,0.335,89,71,9,18,26,1715,1149,492,74,0.957,50,54,11,0.831,12,0
CCU,2009,0.329,57,1834,390,603,102,11,56,365,895,0.488,193,61,347,40,0.405,26,29,41,59,0.695,8.56,20,14,2,1,4,432.1,689,489,411,176,268,156,20,70,1885,0.366,37,54,4,33,33,1996,1297,601,98,0.951,36,83,22,0.79,22,0
CSM,2009,0.264,47,1410,198,372,63,5,23,174,514,0.365,138,37,321,26,0.343,10,23,43,56,0.768,8.75,10,5,1,0,4,354,575,436,344,178,283,125,22,29,1595,0.361,51,31,1,26,23,1651,1062,480,109,0.934,28,85,18,0.825,13,0
CSUP,2009,0.369,63,2154,630,794,186,37,56,566,1222,0.567,292,56,318,47,0.45,36,29,142,166,0.855,7.2,41,9,1,1,9,505.1,633,454,404,309,391,134,13,61,2058,0.308,79,75,11,23,34,2237,1515,638,84,0.962,45,54,23,0.701,13,0
CMU,2009,0.376,59,2067,608,777,153,32,70,548,1204,0.582,283,45,285,35,0.454,41,61,113,130,0.869,6.14,44,6,2,1,12,479,613,376,327,200,371,106,8,59,1955,0.314,38,77,4,23,37,2037,1437,520,80,0.961,49,39,21,0.65,12,1
MSUD,2009,0.325,52,1684,389,547,118,7,56,338,847,0.503,210,44,286,25,0.407,32,27,85,112,0.759,7.47,28,2,1,0,12,407.1,579,406,338,237,310,103,8,51,1716,0.337,54,63,8,25,32,1876,1222,564,90,0.952,40,70,26,0.729,25,0
NMHU,2009,0.377,60,2053,582,773,181,12,59,533,1155,0.563,238,98,257,56,0.458,30,39,59,92,0.641,6.89,39,12,1,0,8,482.1,676,425,369,193,350,129,19,45,2034,0.332,28,40,9,19,38,2189,1447,653,89,0.959,38,64,18,0.78,17,2
UNK,2009,0.32,58,1936,431,619,113,19,48,387,914,0.472,225,74,308,28,0.408,13,38,44,63,0.698,6.07,26,13,3,2,5,450.2,589,399,304,186,355,95,11,49,1884,0.313,48,52,5,25,35,2017,1352,547,118,0.941,44,87,13,0.87,21,0
Regis,2009,0.35,52,1805,464,631,126,22,64,419,993,0.55,191,47,312,36,0.42,28,23,64,78,0.821,8.74,23,1,0,0,8,409.2,585,510,398,281,263,140,22,41,1765,0.331,74,51,6,18,35,1924,1229,565,130,0.932,55,91,20,0.82,17,0
CCU,2010,0.298,57,1779,329,530,84,11,58,294,810,0.455,213,64,341,32,0.389,17,20,39,54,0.722,10.39,17,12,0,0,4,430.2,795,625,497,206,274,199,28,67,2044,0.389,39,62,11,25,25,1960,1292,539,129,0.934,27,98,19,0.838,27,0
CSM,2010,0.32,39,1303,260,417,85,4,24,222,582,0.447,115,36,232,20,0.387,14,37,37,45,0.822,7.87,12,3,0,0,3,306.1,451,320,268,154,246,87,11,44,1295,0.348,41,46,3,22,33,1412,919,418,75,0.947,33,60,20,0.75,7,1
CSUP,2010,0.33,47,1488,307,491,102,7,30,275,697,0.468,159,35,236,25,0.404,14,28,52,68,0.765,6.73,23,6,3,2,6,362.1,472,324,271,182,283,95,12,39,1489,0.317,42,48,7,13,32,1609,1087,465,57,0.965,35,44,14,0.759,28,0
CMU,2010,0.376,57,2019,562,760,146,10,71,525,1139,0.564,235,71,302,34,0.453,27,61,62,79,0.785,7.01,37,9,3,0,10,457.1,607,398,356,201,324,105,4,76,1897,0.32,42,61,3,18,32,2009,1372,566,71,0.965,55,38,17,0.691,7,0
MSUD,2010,0.318,44,1482,338,472,96,12,70,306,802,0.541,185,50,311,22,0.409,13,19,62,86,0.721,7.73,21,4,0,0,4,350.2,499,371,301,233,218,82,1,55,1483,0.336,48,52,6,21,34,1580,1052,457,71,0.955,39,46,15,0.754,27,0
UNK,2010,0.323,56,1811,407,585,112,9,36,359,823,0.454,217,79,299,48,0.413,25,42,51,64,0.797,4.93,36,10,2,2,16,440,540,323,241,145,305,78,10,40,1817,0.297,34,73,5,19,39,1976,1320,554,102,0.948,48,63,19,0.768,19,0
NMHU,2010,0.369,54,1902,572,701,138,11,88,516,1125,0.591,227,82,236,33,0.449,37,32,67,94,0.713,5.83,41,6,2,2,11,439.2,530,325,285,178,310,102,11,55,1753,0.302,29,53,4,17,35,1975,1319,586,70,0.965,58,27,12,0.692,10,0
Regis,2010,0.312,44,1470,308,458,93,13,58,286,751,0.511,148,58,269,30,0.392,17,29,27,43,0.628,6.94,15,5,0,0,5,347.2,485,349,268,189,243,103,8,38,1461,0.332,40,30,8,18,41,1601,1043,465,93,0.942,35,58,18,0.763,10,0
CCU,2011,0.286,53,1677,308,480,76,11,22,280,644,0.384,252,62,269,45,0.395,17,20,46,59,0.78,8.47,9,9,0,0,1,407,606,480,383,241,206,119,23,34,1735,0.349,29,87,12,33,41,1864,1220,538,106,0.943,43,95,14,0.872,23,0
CSM,2011,0.316,48,1596,316,504,74,5,14,279,630,0.395,161,67,298,29,0.397,19,38,40,48,0.833,8.84,17,6,2,0,5,375.2,554,447,369,246,277,125,20,33,1604,0.345,46,61,4,24,33,1671,1127,463,81,0.952,37,61,26,0.701,8,0
CSUP,2011,0.297,53,1643,350,488,100,19,35,323,731,0.445,257,28,355,25,0.397,21,30,74,97,0.763,6.27,26,4,1,0,9,419.1,514,331,292,210,310,94,19,28,1691,0.304,57,56,4,15,28,1867,1258,547,62,0.967,50,38,19,0.667,13,1
CMU,2011,0.31,56,1779,330,551,83,10,23,289,723,0.406,180,78,288,45,0.393,21,66,72,103,0.699,4.38,35,8,2,1,10,454.1,475,269,221,178,384,87,11,26,1753,0.271,37,52,7,23,39,1895,1363,474,58,0.969,36,31,12,0.721,16,0
MSUD,2011,0.324,46,1483,380,481,109,12,44,345,746,0.503,190,49,274,22,0.411,29,31,25,44,0.568,5.8,29,10,2,0,9,366.1,455,296,236,181,273,55,5,26,1482,0.307,46,59,8,17,35,1643,1099,472,72,0.956,47,59,17,0.776,13,0
NMHU,2011,0.332,53,1740,340,577,104,18,24,303,789,0.453,174,60,269,42,0.406,25,43,94,123,0.764,5.92,27,4,4,4,7,427,507,330,281,211,398,90,9,27,1720,0.295,38,56,4,17,31,1837,1281,470,86,0.953,37,47,13,0.783,27,1
UNK,2011,0.323,57,1858,414,601,126,16,28,368,843,0.454,233,84,319,40,0.415,37,41,24,35,0.686,5.24,38,10,1,1,11,458.1,565,329,267,189,289,87,6,24,1844,0.306,35,44,2,26,41,2094,1375,634,85,0.959,48,55,17,0.764,12,0
Regis,2011,0.299,49,1586,306,474,74,12,35,278,677,0.427,154,60,338,23,0.379,16,21,51,60,0.85,6.08,22,13,2,0,4,384.2,484,330,260,172,271,85,15,26,1548,0.313,45,63,5,30,34,1716,1154,481,81,0.953,46,52,18,0.743,18,2
CCU,2012,0.283,54,1613,226,457,84,9,11,197,592,0.367,128,53,263,34,0.351,24,39,56,72,0.778,8.77,11,12,3,2,5,399,580,471,389,256,246,115,17,33,1680,0.345,77,80,13,36,37,1771,1197,482,92,0.948,36,96,22,0.814,21,1
CMU,2012,0.342,54,1800,433,616,103,13,34,380,847,0.471,182,73,219,29,0.418,31,53,108,128,0.844,4.72,39,9,6,3,9,434.2,468,263,228,161,384,70,10,19,1701,0.275,25,46,11,14,38,1845,1304,481,60,0.967,34,41,17,0.707,8,1
CSM,2012,0.315,47,1545,297,486,72,7,8,251,596,0.386,151,49,263,32,0.388,24,10,64,84,0.762,9.37,17,12,2,0,5,364,617,430,379,164,220,131,29,31,1614,0.382,41,70,10,24,36,1609,1092,456,61,0.962,40,40,14,0.741,24,1
CSUP,2012,0.32,54,1764,397,565,115,37,35,356,859,0.487,257,69,382,23,0.423,17,21,63,83,0.759,5.93,28,12,1,0,4,427.2,532,325,282,203,293,104,12,29,1750,0.304,48,50,12,18,30,1907,1283,553,71,0.963,47,52,13,0.8,14,0
MSUD,2012,0.295,46,1459,257,430,82,5,31,239,615,0.422,157,42,282,22,0.377,12,27,36,47,0.766,7.25,15,9,2,0,4,356.1,512,358,287,194,229,88,9,25,1489,0.344,63,72,7,32,36,1644,1069,483,92,0.944,40,57,22,0.722,10,0
UNK,2012,0.325,51,1729,373,562,117,16,35,335,816,0.472,132,87,296,29,0.397,19,29,23,30,0.767,7.56,18,8,2,1,3,394,571,416,331,182,246,140,19,37,1701,0.336,38,64,13,24,35,1777,1182,497,98,0.945,32,68,12,0.85,12,2
NMHU,2012,0.337,57,1892,465,638,130,22,36,418,920,0.486,219,56,302,23,0.417,25,51,93,121,0.769,5.33,41,7,2,1,21,459,546,339,272,169,351,99,15,30,1879,0.291,29,70,8,11,37,2062,1377,584,101,0.951,29,60,21,0.741,19,0
Regis,2012,0.3,56,1826,367,547,110,11,32,321,775,0.424,192,53,327,29,0.378,25,44,43,61,0.705,4.64,33,16,5,0,8,457.1,517,287,236,174,347,93,19,33,1812,0.285,45,39,10,12,33,2048,1372,602,74,0.964,41,75,23,0.765,10,1
ASU,2013,0.278,49,1515,228,421,89,5,21,200,583,0.385,145,36,330,31,0.352,16,28,25,41,0.61,11.07,10,2,0,0,3,366.2,647,542,451,263,198,135,23,37,1665,0.389,55,68,14,36,27,1695,1100,486,109,0.936,40,102,28,0.785,15,2
CCU,2013,0.282,49,1517,183,428,62,5,8,165,524,0.345,106,34,292,45,0.341,9,22,15,26,0.577,8.28,7,6,1,0,1,362,539,400,333,228,231,93,13,24,1565,0.344,81,64,15,30,17,1636,1085,456,95,0.942,34,108,18,0.857,20,1
CMU,2013,0.346,56,1916,478,663,103,21,44,421,940,0.491,191,77,275,20,0.42,33,32,142,174,0.816,3.34,45,9,6,4,7,464,452,208,172,152,433,80,5,18,1771,0.255,30,56,7,12,30,2006,1392,554,60,0.97,51,32,13,0.711,9,1
CSM,2013,0.278,49,1485,246,413,67,10,7,211,521,0.351,163,61,299,36,0.369,18,13,69,91,0.758,5.98,22,9,2,0,4,377.2,491,291,251,134,261,89,11,27,1550,0.317,32,39,2,19,26,1708,1133,517,58,0.966,36,45,22,0.672,12,1
CSUP,2013,0.315,54,1755,359,553,118,14,30,326,789,0.45,213,55,329,41,0.401,24,16,49,57,0.86,5.07,32,12,4,1,7,430,514,300,242,154,298,105,20,22,1724,0.298,30,51,14,21,20,1908,1290,548,70,0.963,46,46,24,0.657,10,2
MSUD,2013,0.281,47,1515,260,425,84,8,30,244,615,0.406,176,41,236,28,0.367,16,26,31,39,0.795,5.62,20,6,0,0,1,375,464,287,234,196,236,70,7,13,1489,0.312,60,56,10,24,36,1736,1125,532,79,0.954,40,54,22,0.711,17,2
NMHU,2013,0.318,53,1684,355,536,105,11,25,320,738,0.438,210,68,271,30,0.411,19,41,44,75,0.587,5.81,29,11,0,0,10,423,543,331,273,142,303,103,12,22,1728,0.314,25,56,14,17,35,1917,1269,577,71,0.963,39,77,15,0.837,16,0
Regis,2013,0.338,46,1558,346,526,96,12,18,312,700,0.449,154,35,229,32,0.403,26,20,66,81,0.815,4.88,28,11,6,4,6,374.2,428,233,203,154,304,66,4,24,1472,0.291,27,36,5,9,35,1642,1124,465,53,0.968,43,30,22,0.577,7,1
ASU,2014,0.307,49,1567,284,481,91,16,30,267,694,0.443,151,36,259,26,0.376,23,35,15,31,0.484,7.93,15,8,1,0,3,374.1,567,397,330,175,229,94,16,43,1616,0.351,28,38,10,43,31,1683,1123,457,103,0.939,35,127,24,0.841,2,2
CCU,2014,0.275,48,1460,204,401,63,10,17,185,535,0.366,128,34,265,42,0.344,13,24,40,58,0.69,9.36,8,6,0,0,5,358.2,585,443,373,169,163,142,22,27,1576,0.371,57,72,15,35,23,1616,1076,451,89,0.945,43,74,22,0.771,7,1
CMU,2014,0.35,60,2025,483,709,141,19,49,439,1035,0.511,184,66,241,31,0.415,37,60,108,126,0.857,3.67,46,5,7,5,18,495.2,498,248,202,156,344,84,11,25,1892,0.263,27,49,3,17,39,2159,1487,599,73,0.966,51,37,21,0.638,1,2
CSM,2014,0.307,47,1500,277,461,68,19,12,244,603,0.402,102,55,245,23,0.369,20,29,38,63,0.603,4.88,24,7,0,0,8,369,421,247,200,135,238,75,14,24,1442,0.292,31,46,7,20,32,1624,1107,454,63,0.961,43,59,11,0.843,4,1
CSUP,2014,0.307,53,1758,347,539,104,18,26,301,757,0.431,197,55,310,42,0.389,22,30,61,85,0.718,5.53,29,3,2,1,9,434.1,534,312,267,216,311,77,13,25,1754,0.304,32,51,7,12,37,1957,1303,573,81,0.959,54,41,23,0.641,7,0
MSUD,2014,0.286,43,1342,216,384,63,7,21,189,524,0.39,105,26,243,22,0.345,21,28,36,56,0.643,5.3,14,10,3,0,4,326.1,409,252,192,133,193,81,11,15,1310,0.312,34,47,6,14,34,1478,979,431,68,0.954,48,42,22,0.656,5,1
NMHU,2014,0.322,54,1722,374,554,100,26,47,336,847,0.492,209,69,276,33,0.41,31,30,66,95,0.695,6.27,32,8,0,0,15,429,590,364,299,136,252,111,13,37,1775,0.332,46,41,8,28,31,1911,1287,546,78,0.959,44,49,35,0.583,11,2
Regis,2014,0.339,45,1505,318,510,100,16,35,280,747,0.496,114,41,225,24,0.395,24,13,61,88,0.693,7.71,20,5,1,1,3,350.1,533,369,300,129,187,89,29,38,1518,0.351,22,41,6,23,29,1621,1051,483,87,0.946,31,41,23,0.641,11,1
ASU,2015,0.302,51,1698,308,512,107,10,28,280,723,0.426,192,36,323,22,0.382,10,23,20,31,0.645,7.74,20,6,0,0,6,404.2,609,411,348,166,241,118,21,42,1748,0.348,27,40,6,15,22,1822,1214,521,87,0.952,44,80,25,0.762,20,1
CCU,2015,0.301,49,1557,269,468,94,5,20,243,632,0.406,152,47,243,30,0.376,19,35,47,70,0.671,7.65,14,3,1,1,3,381.1,547,373,324,206,235,107,20,45,1596,0.343,52,68,10,36,21,1688,1144,472,72,0.957,42,77,21,0.786,13,0
CMU,2015,0.344,57,1925,460,663,133,18,55,412,997,0.518,193,51,349,22,0.413,27,47,68,95,0.716,3.64,47,6,5,3,9,469.1,492,254,190,150,393,78,9,20,1822,0.27,37,29,4,18,39,2096,1408,608,80,0.962,54,46,16,0.742,2,4
CSM,2015,0.311,44,1471,292,457,90,8,34,263,665,0.452,146,44,302,25,0.384,24,13,56,69,0.812,6.07,18,7,1,1,7,351.2,484,302,237,149,261,118,4,30,1449,0.334,34,41,8,18,37,1530,1049,409,72,0.953,36,34,27,0.557,8,1
CSUP,2015,0.333,57,1827,411,608,93,21,26,371,821,0.449,229,73,302,37,0.422,28,47,71,89,0.798,4.38,41,2,1,0,15,462.1,512,269,225,211,357,80,7,26,1805,0.284,39,46,6,14,44,2050,1387,592,71,0.965,51,53,15,0.779,13,1
MSUD,2015,0.278,50,1551,254,431,88,15,34,228,651,0.42,143,52,357,26,0.355,17,40,51,68,0.75,4.69,28,7,2,1,9,403,438,245,210,157,361,73,6,36,1557,0.281,35,37,4,16,31,1755,1209,496,50,0.972,33,41,31,0.569,6,0
NMHU,2015,0.304,46,1462,287,445,95,12,40,259,684,0.468,152,49,258,20,0.384,19,23,33,53,0.623,7.37,21,3,0,0,8,361.2,498,337,296,144,250,102,19,36,1491,0.334,31,43,12,20,27,1626,1085,488,53,0.967,37,32,23,0.582,8,0
Regis,2015,0.313,50,1673,322,523,105,13,24,285,726,0.434,182,34,322,20,0.388,18,28,66,101,0.653,6.36,20,5,0,0,4,404.2,545,336,286,155,304,112,19,34,1703,0.32,49,34,13,14,26,1795,1214,508,73,0.959,36,60,20,0.75,25,4
ASU,2016,0.319,50,1733,341,553,104,16,29,320,776,0.448,183,38,317,20,0.392,20,13,28,36,0.778,7.49,22,7,1,0,4,406.1,584,397,338,212,308,124,14,40,1718,0.34,69,34,11,15,28,1823,1219,532,72,0.961,37,60,29,0.674,15,5
CCU,2016,0.267,46,1463,215,390,73,11,14,187,527,0.36,129,58,283,27,0.346,16,22,14,26,0.538,7.71,11,2,0,0,6,363,564,386,311,169,247,113,22,37,1563,0.361,39,66,10,27,26,1591,1089,431,71,0.955,33,64,24,0.727,19,0
CMU,2016,0.327,56,1842,365,603,129,8,41,322,871,0.473,196,61,321,35,0.404,28,73,76,97,0.784,3.18,42,7,8,6,12,475.2,427,201,168,168,447,89,6,23,1762,0.242,26,50,6,13,34,1992,1427,516,49,0.975,47,20,15,0.571,10,2
CSM,2016,0.324,44,1453,326,471,94,14,24,278,665,0.458,148,44,254,9,0.4,12,30,40,53,0.755,5.11,29,2,0,0,11,357.2,476,248,203,154,227,69,9,31,1458,0.326,32,32,3,14,34,1600,1073,467,60,0.963,43,35,19,0.648,9,2
CSUP,2016,0.331,47,1590,320,527,106,25,44,294,815,0.513,184,19,311,24,0.404,15,25,54,71,0.761,4.93,28,5,1,1,9,394,478,277,216,132,318,95,16,34,1586,0.301,23,28,11,16,32,1738,1182,486,70,0.96,39,38,17,0.691,5,1
MSUD,2016,0.292,40,1284,216,375,84,6,37,205,582,0.453,113,37,310,7,0.361,19,22,29,39,0.744,4.99,16,5,3,1,6,324.1,382,220,180,132,240,95,13,27,1280,0.298,22,35,7,12,27,1464,973,448,43,0.971,33,27,14,0.659,12,1
NMHU,2016,0.258,48,1542,221,398,67,15,24,201,567,0.368,127,37,349,23,0.327,15,29,30,49,0.612,6.4,14,7,2,0,7,388.1,504,324,276,154,255,116,14,33,1583,0.318,36,49,10,27,28,1689,1165,470,54,0.968,43,70,17,0.805,15,0
Regis,2016,0.294,46,1468,259,432,85,12,17,230,592,0.403,136,54,284,21,0.37,21,21,48,77,0.623,5.57,20,5,2,1,5,368.1,463,286,228,144,312,74,11,37,1509,0.307,33,45,6,18,25,1632,1105,457,70,0.957,31,37,16,0.698,7,2
ASU,2017,0.294,46,1472,252,433,79,18,20,218,,,147,36,263,,,,,40,52,0.769,8.55,13,4,2,1,7,363,541,394,345,217,305,,,,,,,,,,,1608,1089,465,54,0.966,24,52,17,0.754,13,1
CCU,2017,0.312,49,1634,296,509,102,9,21,264,,,175,29,280,,,,,81,108,0.75,7.68,17,1,1,1,7,392.2,562,438,335,189,288,,,,,,,,,,,1743,1178,448,117,0.933,24,65,19,0.774,9,1
CMU,2017,0.335,62,2105,484,705,139,25,68,437,,,219,58,314,,,,,21,27,0.778,3.18,49,8,9,5,8,523,451,216,185,153,529,,,,,,,,,,,2209,1569,567,73,0.967,38,26,19,0.578,4,0
CSM,2017,0.319,54,1719,400,549,106,23,55,352,,,151,67,297,,,,,44,58,0.759,6.21,32,4,3,1,12,424.1,535,331,293,187,328,,,,,,,,,,,1822,1273,491,58,0.968,34,34,24,0.586,11,0
CSUP,2017,0.323,49,1633,329,527,84,22,15,304,,,205,29,280,,,,,50,73,0.685,6.78,23,6,1,0,9,393,536,366,296,164,302,,,,,,,,,,,1740,1179,500,61,0.965,51,39,17,0.696,16,3
MSUD,2017,0.316,52,1701,311,537,111,7,46,274,,,189,39,362,,,,,27,39,0.692,6.16,27,5,1,0,12,425,511,353,291,245,292,,,,,,,,,,,1875,1275,525,75,0.96,50,57,18,0.76,21,0
NMHU,2017,0.323,46,1544,358,499,86,21,36,327,,,172,54,291,,,,,56,74,0.757,6.79,19,3,1,1,4,360.2,526,346,272,150,237,,,,,,,,,,,1638,1082,464,92,0.944,34,51,16,0.761,13,1
Regis,2017,0.3,52,1692,338,508,116,13,52,309,,,181,59,303,,,,,37,54,0.685,6.18,26,2,2,1,9,420.2,566,331,289,142,307,,,,,,,,,,,1859,1262,532,65,0.965,46,52,17,0.754,18,0
UCCS,2017,0.307,49,1621,289,498,103,12,43,264,,,134,35,346,,,,,43,63,0.683,6.46,22,2,1,1,11,398.1,550,331,286,167,280,,,,,,,,,,,1738,1195,478,65,0.963,43,52,20,0.722,17,0
ASU,2018,0.263,50,1598,203,420,68,7,24,189,,,238,62,342,,,,,41,58,0.707,9.59,3,2,0,0,1,384.2,595,489,410,223,276,,,,,,,,,,,1652,1154,414,84,0.949,36,64,21,0.753,13,3
CSM,2018,0.317,55,1877,465,595,139,16,86,428,,,201,73,391,,,,,37,51,0.725,5.6,37,3,1,1,9,459.1,561,341,286,182,354,,,,,,,,,,,1994,1378,547,69,0.965,31,25,17,0.595,4,1
CCU,2018,0.316,46,1530,342,483,117,18,35,326,,,153,51,305,,,,,49,62,0.79,6.85,20,3,1,1,7,361.1,426,349,275,187,303,,,,,,,,,,,1535,1084,362,89,0.942,29,45,13,0.776,26,2
CMU,2018,0.339,59,2068,487,702,131,14,72,437,,,229,37,341,,,,,37,53,0.698,4.83,41,9,5,1,11,503,499,312,270,213,492,,,,,,,,,,,2086,1509,506,71,0.966,38,40,19,0.678,21,4
CSUP,2018,0.311,52,1690,358,525,117,21,33,327,,,150,48,299,,,,,40,62,0.645,6.01,26,3,1,1,6,417.2,519,336,279,208,338,,,,,,,,,,,1782,1253,467,62,0.965,43,58,16,0.784,10,1
MSUD,2018,0.292,50,1595,326,465,105,18,40,300,,,178,43,339,,,,,34,48,0.708,7.25,22,2,0,0,7,398.1,529,375,321,184,311,,,,,,,,,,,1733,1195,470,68,0.961,25,41,11,0.788,14,2
NMHU,2018,0.284,50,1617,313,459,102,14,42,293,,,201,46,353,,,,,51,68,0.75,7.81,19,12,0,0,3,400,588,433,347,193,281,,,,,,,,,,,1791,1200,499,92,0.949,43,37,16,0.698,18,0
Regis,2018,0.302,51,1676,322,506,91,11,57,287,,,199,53,329,,,,,37,49,0.755,5.8,27,4,5,4,9,414,493,292,267,181,390,,,,,,,,,,,1787,1242,499,46,0.974,33,51,11,0.823,14,0
UCCS,2018,0.294,51,1661,376,488,101,16,71,348,,,151,36,394,,,,,18,29,0.621,5.56,28,4,0,0,9,409.2,490,305,253,159,322,,,,,,,,,,,1817,1229,516,72,0.96,35,31,17,0.646,16,0
